{"flutter":{"platforms":{"android":{"default":{"projectId":"project-4315590107491761939","appId":"1:819254153590:android:adcff5b2ffbe5cc6b5ea57","fileOutput":"android/app/google-services.json"}},"dart":{"lib/firebase_options.dart":{"projectId":"project-4315590107491761939","configurations":{"android":"1:819254153590:android:adcff5b2ffbe5cc6b5ea57","ios":"1:819254153590:ios:b7dccd3ab9fbe62db5ea57","macos":"1:819254153590:ios:b7dccd3ab9fbe62db5ea57","web":"1:819254153590:web:7c305681944ea0cbb5ea57","windows":"1:819254153590:web:cc7be92bbbd9c33bb5ea57"}}}}}}